Name,LastName,City,AddressLine
Alice,Young,San Jose,3906 Tech Park Dr
James,Green,San Diego,2643 Bay Area Rd
William,Young,Phoenix,4517 Cedar Ct
Karen,Brown,Dallas,8427 Tech Park Dr
Robert,King,San Francisco,3317 Liberty St
Isabella,Wright,Denver,9221 Maple Rd
Karen,Lewis,San Francisco,465 Sunset Blvd
Karen,Scott,Denver,152 Cedar Ct
Ava,Scott,New York,8716 Main St
Barbara,Adams,Fort Worth,325 Bay Area Rd
Andrew,Adams,San Antonio,2132 Bay Area Rd
Noah,King,Charlotte,2169 Main St
Isabella,Doe,San Antonio,1176 Hilltop Way
Isabella,Wright,Houston,1441 Elm St
James,Nelson,Chicago,4132 Ocean View Blvd
Noah,Young,Phoenix,2034 Maple Rd
William,Walker,San Francisco,5999 Tech Park Dr
Liam,Johnson,Chicago,2887 Ocean View Blvd
Alice,Nelson,Charlotte,2254 Ocean View Blvd
Andrew,Thompson,Los Angeles,7087 5th St
Isabella,King,Denver,1366 Cedar Ct
Michael,Wright,Chicago,5450 Tech Park Dr
Michael,Lewis,Houston,7012 Elm St
Charles,Hall,Philadelphia,2033 Pine Ln
Mia,Baker,Chicago,1371 Oak Dr
Alice,Smith,San Francisco,1266 Elm St
John,Robinson,Houston,9009 3rd Blvd
Ethan,Williams,Indianapolis,8062 Tech Park Dr
Olivia,Lewis,Los Angeles,5314 Oak Dr
Karen,Doe,San Diego,1452 Riverwalk Dr
Karen,Baker,Los Angeles,1077 3rd Blvd
Thomas,Young,Houston,9625 2nd Ave
John,Walker,Charlotte,9778 Elm St
Andrew,Allen,San Jose,4144 Oak Dr
Noah,Robinson,San Diego,3225 Liberty St
Alice,Baker,Charlotte,7559 Cedar Ct
Karen,Robinson,Austin,1042 Bay Area Rd
Ethan,Lewis,Dallas,1371 Sunset Blvd
Olivia,Smith,Houston,1515 Ocean View Blvd
James,Hall,Los Angeles,199 Liberty St
Mia,Young,Washington,3809 Ocean View Blvd
Mia,Scott,Denver,6414 3rd Blvd
Charles,Williams,San Antonio,5116 2nd Ave
Barbara,King,Seattle,1740 Elm St
Susan,Wright,San Francisco,5132 Park Ave
Michael,Brown,Philadelphia,8513 Maple Rd
Andrew,Wright,Washington,402 Pine Ln
James,Doe,San Francisco,1434 Elm St
James,Nelson,Washington,2096 Elm St
Andrew,Allen,Seattle,1406 Maple Rd
Susan,Walker,San Francisco,5641 Bay Area Rd
Ava,Walker,Dallas,8416 Oak Dr
Andrew,Williams,Columbus,1638 Elm St
John,Wright,Columbus,9569 5th St
William,Johnson,Phoenix,4177 Liberty St
Ethan,Smith,Jacksonville,9921 Sunset Blvd
Liam,Robinson,San Francisco,726 Maple Rd
Alice,Allen,San Antonio,7300 5th St
Ava,Hall,San Antonio,1044 5th St
James,Walker,Jacksonville,8820 Liberty St
Alice,Allen,Dallas,2827 Tech Park Dr
Robert,Jones,San Antonio,6150 3rd Blvd
Robert,Jones,New York,4971 Park Ave
Charles,Doe,Phoenix,9744 5th St
John,Hall,Charlotte,3261 Cedar Ct
Olivia,Jones,Phoenix,6187 5th St
Susan,Allen,Seattle,5770 Pine Ln
Noah,Nelson,Denver,6052 Maple Rd
Susan,Hall,Dallas,6443 Bay Area Rd
Charles,Young,San Diego,6227 Ocean View Blvd
Noah,Robinson,Dallas,2546 Maple Rd
James,Doe,Dallas,4755 Riverwalk Dr
Alice,Walker,Dallas,9052 Oak Dr
Karen,Allen,Washington,2847 Sunset Blvd
Isabella,Wright,Washington,380 2nd Ave
Michael,Young,San Antonio,372 2nd Ave
Noah,Adams,San Jose,3606 Cedar Ct
Karen,Thompson,Seattle,8545 Main St
William,Brown,Indianapolis,2937 3rd Blvd
Isabella,Nelson,Fort Worth,6297 Cedar Ct
Emma,Jones,San Francisco,6733 5th St
Robert,Thompson,Los Angeles,4803 Riverwalk Dr
Barbara,Jones,New York,687 Liberty St
Charles,Brown,Houston,3227 Park Ave
Robert,Walker,Jacksonville,5385 Tech Park Dr
Michael,Nelson,Chicago,428 Liberty St
Susan,Lewis,New York,4292 Tech Park Dr
Emma,Hall,Houston,4547 Ocean View Blvd
Andrew,Thompson,Seattle,257 Riverwalk Dr
Thomas,Johnson,Denver,1202 Maple Rd
Andrew,Nelson,Seattle,6412 Maple Rd
William,Doe,Philadelphia,251 Elm St
Mia,Walker,Los Angeles,9999 Bay Area Rd
Mia,Nelson,Houston,6577 Oak Dr
Mia,Scott,New York,3446 Tech Park Dr
Mia,Green,Jacksonville,7562 5th St
Michael,Robinson,Philadelphia,2985 3rd Blvd
James,Baker,San Antonio,2628 Ocean View Blvd
Olivia,Green,San Francisco,5483 Elm St
Ava,Hall,San Diego,5243 Ocean View Blvd
Karen,Baker,Columbus,2441 Ocean View Blvd
Robert,Thompson,San Diego,9257 Park Ave
Mia,Williams,Los Angeles,4997 Bay Area Rd
Ava,Wright,Indianapolis,5972 Riverwalk Dr
Charles,Walker,Seattle,2637 3rd Blvd
Liam,Jones,Seattle,1995 Tech Park Dr
Noah,Wright,Los Angeles,9228 3rd Blvd
Susan,Adams,San Diego,2559 2nd Ave
Charles,Baker,Chicago,2721 Hilltop Way
Olivia,Doe,Charlotte,7104 Ocean View Blvd
Liam,Brown,Phoenix,9284 Hilltop Way
Liam,Hall,San Jose,979 Liberty St
Robert,Johnson,Seattle,8215 5th St
Olivia,Johnson,Austin,2642 Riverwalk Dr
Andrew,Scott,Indianapolis,908 Bay Area Rd
Thomas,Hall,Dallas,2607 Tech Park Dr
Olivia,Williams,Dallas,6449 3rd Blvd
Barbara,Wright,Columbus,6027 Liberty St
Mia,Johnson,New York,6278 Elm St
Charles,Baker,Jacksonville,4431 Sunset Blvd
Susan,Doe,Fort Worth,4667 Main St
William,Young,San Jose,795 Bay Area Rd
Olivia,Robinson,Philadelphia,6887 2nd Ave
Isabella,Williams,Los Angeles,1654 Hilltop Way
Barbara,Walker,Columbus,8459 Pine Ln
Alice,Robinson,Phoenix,5403 Oak Dr
Thomas,Lewis,Washington,3902 Oak Dr
Liam,Baker,Washington,1163 Bay Area Rd
James,Smith,Columbus,5727 Sunset Blvd
Barbara,King,Philadelphia,6132 Riverwalk Dr
Andrew,Jones,Fort Worth,2562 Sunset Blvd
Susan,Jones,Seattle,2255 Maple Rd
James,Smith,San Francisco,9632 Pine Ln
Thomas,Jones,Fort Worth,7523 Elm St
Susan,Walker,San Antonio,1783 Park Ave
Barbara,King,Houston,7982 Hilltop Way
Noah,Green,Phoenix,8864 3rd Blvd
John,Smith,Charlotte,4262 Riverwalk Dr
Ava,Smith,Dallas,9327 Liberty St
John,Baker,San Antonio,4314 Ocean View Blvd
Robert,King,San Jose,9207 Sunset Blvd
Mia,Williams,Dallas,4043 Pine Ln
Karen,Walker,Dallas,6367 Oak Dr
Ethan,Walker,Charlotte,6048 Oak Dr
Noah,Young,Jacksonville,6479 Oak Dr
Karen,Brown,Jacksonville,1359 Riverwalk Dr
John,Walker,San Jose,7299 3rd Blvd
Olivia,Hall,Austin,9336 Liberty St
Barbara,King,Fort Worth,3030 Maple Rd
Olivia,Young,Phoenix,2761 Hilltop Way
Mia,Walker,Philadelphia,423 Main St
Charles,Smith,Philadelphia,7452 Liberty St
Alice,Allen,Columbus,2546 3rd Blvd
Andrew,Jones,San Antonio,2208 5th St
Liam,Allen,Los Angeles,2964 Elm St
Barbara,Smith,San Jose,6321 Ocean View Blvd
Mia,Scott,Fort Worth,4373 2nd Ave
Ava,Robinson,Jacksonville,7648 Hilltop Way
Mia,Johnson,Austin,3042 Sunset Blvd
Alice,Jones,Seattle,3928 Sunset Blvd
Mia,Robinson,San Diego,421 Elm St
Liam,Green,Chicago,8743 Sunset Blvd
John,Wright,San Jose,9897 Maple Rd
Alice,Adams,Fort Worth,8404 Pine Ln
Barbara,Lewis,Denver,7384 Oak Dr
Michael,Williams,Philadelphia,8869 Cedar Ct
Susan,Walker,Seattle,4571 Elm St
John,King,San Diego,2244 3rd Blvd
Thomas,Nelson,Dallas,9270 3rd Blvd
Robert,Hall,Indianapolis,7399 Liberty St
Michael,Lewis,Phoenix,9410 Ocean View Blvd
Olivia,Johnson,Seattle,9889 Park Ave
Andrew,Green,Columbus,2677 Tech Park Dr
Thomas,Jones,San Francisco,4700 Tech Park Dr
William,Johnson,Denver,7624 Elm St
Alice,Allen,Austin,7063 Ocean View Blvd
Isabella,Wright,Jacksonville,4469 Bay Area Rd
James,Thompson,Dallas,9724 Sunset Blvd
Liam,King,Fort Worth,7569 Park Ave
Ethan,Johnson,Phoenix,8586 Pine Ln
Olivia,Jones,San Diego,7276 Elm St
Robert,Green,Philadelphia,4433 Bay Area Rd
Andrew,Hall,Phoenix,453 Cedar Ct
William,Adams,San Antonio,5942 Liberty St
Robert,King,Dallas,7329 Riverwalk Dr
Thomas,Wright,San Antonio,2405 Oak Dr
James,Adams,New York,8537 Hilltop Way
Michael,Thompson,Columbus,6555 Oak Dr
Isabella,Thompson,San Diego,5225 Tech Park Dr
Andrew,Thompson,Houston,4155 Liberty St
William,Nelson,Houston,5144 5th St
Charles,Adams,Dallas,5653 5th St
Olivia,Wright,Dallas,5264 Liberty St
Karen,Thompson,Denver,6951 5th St
William,Doe,Los Angeles,5305 Tech Park Dr
William,Green,Dallas,5548 Pine Ln
Ava,Adams,Seattle,6225 5th St
Karen,Johnson,New York,4032 Sunset Blvd
Charles,Green,Washington,1380 2nd Ave
Karen,Scott,Austin,5442 Pine Ln
